{
  "intents": [
    {
      "systemIntentTypes": [
        "AssumedSuccess"
      ],
      "intentType": "System",
      "dialogId": "new_topic_ae2efd0f48884cb783c49c0ad8b6c296_aeabea4d071f415c8c107e1cb7af5424_assumedsuccess",
      "isTriggeringEnabled": true,
      "id": "new_topic_ae2efd0f48884cb783c49c0ad8b6c296_aeabea4d071f415c8c107e1cb7af5424_assumedsuccess",
      "displayName": "End of Conversation",
      "description": "System Intent Default Customer Survey",
      "createdTime": "2019-01-15T00:00:00Z",
      "updatedTime": "2023-06-20T09:30:50.6220772Z",
      "createdUserId": "user0",
      "updatedUserId": "d32400a3-d2c0-4fe3-9e45-1a1a7ea5c957"
    }
  ],
  "dialogs": [
    {
      "rootNodeId": "c0779707-694b-4c4a-a06f-4e1e47c33fbf",
      "dialogType": "System",
      "messageNodes": [
        {
          "botMessageId": "91f2bee3-842f-4e67-af0c-152caef23d2a",
          "nodeType": "BotMessageNode",
          "id": "c0779707-694b-4c4a-a06f-4e1e47c33fbf"
        }
      ],
      "id": "new_topic_ae2efd0f48884cb783c49c0ad8b6c296_aeabea4d071f415c8c107e1cb7af5424_assumedsuccess",
      "displayName": "Dialog",
      "createdTime": "2019-01-15T00:00:00Z",
      "updatedTime": "2023-06-20T09:30:50.6220767Z",
      "createdUserId": "user0",
      "updatedUserId": "d32400a3-d2c0-4fe3-9e45-1a1a7ea5c957"
    }
  ],
  "botMessages": [
    {
      "channelContent": {
        "web": {
          "contentFormat": "Markdown",
          "content": "会話を終了しました。"
        }
      },
      "id": "91f2bee3-842f-4e67-af0c-152caef23d2a",
      "createdTime": "2023-06-20T08:06:51.491Z",
      "updatedTime": "2023-06-20T08:06:51.491Z",
      "createdUserId": "user-0",
      "updatedUserId": "user-0"
    }
  ]
}