<ImportExportXml version="9.2.23061.186" SolutionPackageVersion="9.2" languagecode="1041" generatedBy="CrmLive" xmlns:xsi="http://www.w3.org/2001/XMLSchema-instance">
  <SolutionManifest>
    <UniqueName>PVAAOAIIntegrationSolution</UniqueName>
    <LocalizedNames>
      <LocalizedName description="PVA-AOAI Integration Solution" languagecode="1041" />
    </LocalizedNames>
    <Descriptions>
      <Description description="https://github.com/City-of-Kobe/kobecity-pva-aoai-solution" languagecode="1041" />
    </Descriptions>
    <Version>1.0.0.2</Version>
    <Managed>0</Managed>
    <Publisher>
      <UniqueName>CityOfKobe</UniqueName>
      <LocalizedNames>
        <LocalizedName description="City of Kobe" languagecode="1041" />
      </LocalizedNames>
      <Descriptions>
        <Description description="City of Kobe" languagecode="1041" />
      </Descriptions>
      <EMailAddress xsi:nil="true"></EMailAddress>
      <SupportingWebsiteUrl xsi:nil="true"></SupportingWebsiteUrl>
      <CustomizationPrefix>kobe</CustomizationPrefix>
      <CustomizationOptionValuePrefix>72359</CustomizationOptionValuePrefix>
    </Publisher>
    <RootComponents>
      <RootComponent type="1" schemaName="cr1c2_gptbotlog" behavior="0" />
      <RootComponent type="29" id="{8449aa56-b7ee-ed11-8849-000d3a5c6506}" behavior="0" />
    </RootComponents>
    <MissingDependencies />
  </SolutionManifest>
</ImportExportXml>