{
  "intents": [
    {
      "systemIntentTypes": [
        "Fallback"
      ],
      "intentType": "System",
      "dialogId": "new_topic_ae2efd0f48884cb783c49c0ad8b6c296_7620a288bb3e455984cace1ade5e259c_fallback",
      "isTriggeringEnabled": true,
      "id": "new_topic_ae2efd0f48884cb783c49c0ad8b6c296_7620a288bb3e455984cace1ade5e259c_fallback",
      "displayName": "Fallback",
      "description": "System topic that includes content and behavior for when the bot can't determine the user's intent. Also includes the variable UnrecognizedTriggerPhrase to capture the unrecognized input.",
      "createdTime": "2020-02-07T00:00:00Z",
      "updatedTime": "2023-06-02T19:16:08.735925Z",
      "createdUserId": "user0",
      "updatedUserId": "d32400a3-d2c0-4fe3-9e45-1a1a7ea5c957"
    }
  ],
  "dialogs": [
    {
      "rootNodeId": "ed27f6fb-1b86-4de1-960b-c085a711693d",
      "dialogType": "System",
      "messageNodes": [
        {
          "botMessageId": "72097523-8f21-4c18-8b53-412dd156ef30",
          "nodeType": "BotMessageNode",
          "id": "7d6789ea-4e90-4a94-aeca-9759b04f9848",
          "defaultTargetNodeId": "a6e3cba0-885b-4e8e-8300-db80d24e9cd4"
        }
      ],
      "actionNodes": [
        {
          "contextVariableId": "b0f92b19-4436-426e-875e-44069c554a73",
          "nodeType": "ActionNode",
          "inputParameterVariableIdMap": {
            "text": "{new_variable_ae2efd0f48884cb783c49c0ad8b6c296_340aefff448e492eac88d718fbdf56ac}",
            "text_1": "{new_variable_ae2efd0f48884cb783c49c0ad8b6c296_09da1f5bb9d244f3bccdcdf51dfc841b}",
            "text_2": "{7bd4f62b-7262-40bc-8c63-8c540568cf6a}",
            "text_3": "{7bd4f62b-7262-40bc-8c63-8c540568cf6c}"
          },
          "outputExpressionVariableIds": [
            "new_variable_ae2efd0f48884cb783c49c0ad8b6c296_96651ceefdcb4d76a9ffbcd4226d9f4e",
            "new_variable_ae2efd0f48884cb783c49c0ad8b6c296_4651dd7d011d4fb0bd8288b62927e538"
          ],
          "id": "98149a3b-6d82-4139-be4b-075dc58b77da",
          "defaultTargetNodeId": "7d6789ea-4e90-4a94-aeca-9759b04f9848"
        }
      ],
      "dialogChangeNodes": [
        {
          "targetDialogId": "new_bot_ae2efd0f48884cb783c49c0ad8b6c296.InitializeFullDialog.dialog",
          "nodeType": "DialogChangeNode",
          "outputExpressionVariableIds": [
            "new_variable_ae2efd0f48884cb783c49c0ad8b6c296_09da1f5bb9d244f3bccdcdf51dfc841b"
          ],
          "id": "ed27f6fb-1b86-4de1-960b-c085a711693d",
          "defaultTargetNodeId": "98149a3b-6d82-4139-be4b-075dc58b77da"
        },
        {
          "targetDialogId": "new_bot_ae2efd0f48884cb783c49c0ad8b6c296.UpdateFullDialog.dialog",
          "nodeType": "DialogChangeNode",
          "id": "a6e3cba0-885b-4e8e-8300-db80d24e9cd4"
        }
      ],
      "id": "new_topic_ae2efd0f48884cb783c49c0ad8b6c296_7620a288bb3e455984cace1ade5e259c_fallback",
      "displayName": "Fallback",
      "createdTime": "2020-02-07T00:00:00Z",
      "updatedTime": "2023-06-02T19:16:08.7359235Z",
      "createdUserId": "user0",
      "updatedUserId": "d32400a3-d2c0-4fe3-9e45-1a1a7ea5c957"
    }
  ],
  "botMessages": [
    {
      "channelContent": {
        "web": {
          "contentFormat": "Markdown",
          "content": "{new\\_variable\\_ae2efd0f48884cb783c49c0ad8b6c296\\_96651ceefdcb4d76a9ffbcd4226d9f4e}"
        }
      },
      "id": "72097523-8f21-4c18-8b53-412dd156ef30",
      "createdTime": "2023-05-10T00:55:25.506Z",
      "updatedTime": "2023-05-10T00:55:25.506Z",
      "createdUserId": "user-0",
      "updatedUserId": "user-0"
    }
  ],
  "actionDefinitions": [
    {
      "timeoutInSeconds": 60,
      "retryCount": 1,
      "method": 2,
      "headers": {
        "accept": "application/json"
      },
      "bodyContent": "{\"text\":\"{new_variable_ae2efd0f48884cb783c49c0ad8b6c296_340aefff448e492eac88d718fbdf56ac}\",\"text_1\":\"{new_variable_ae2efd0f48884cb783c49c0ad8b6c296_09da1f5bb9d244f3bccdcdf51dfc841b}\",\"text_2\":\"{7bd4f62b-7262-40bc-8c63-8c540568cf6a}\",\"text_3\":\"{7bd4f62b-7262-40bc-8c63-8c540568cf6c}\"}",
      "actionType": "Flow",
      "flowMetadata": {
        "id": "8449aa56-b7ee-ed11-8849-000d3a5c6506",
        "title": "GPT-Flow",
        "description": "Call this flow from Power Virtual Agents.",
        "httpMethod": 2,
        "inputParameters": [
          {
            "name": "UnrecognizedTriggerPhrase\n",
            "id": "text",
            "type": "String",
            "optional": false
          },
          {
            "name": "FullDialog",
            "id": "text_1",
            "type": "String",
            "optional": false
          },
          {
            "name": "UserID",
            "id": "text_2",
            "type": "String",
            "optional": false
          },
          {
            "name": "UserDisplayName",
            "id": "text_3",
            "type": "String",
            "optional": false
          }
        ],
        "outputParameters": [
          {
            "name": "GeneratedAnswer",
            "id": "generatedanswer",
            "type": "String",
            "optional": true
          },
          {
            "name": "OriginalUnrecognizedTriggerPhrase",
            "id": "originalunrecognizedtriggerphrase",
            "type": "String",
            "optional": true
          }
        ],
        "outputSchemaType": "Json",
        "createdTime": "2023-05-09T22:17:56Z",
        "isEnabled": true,
        "lastModifiedTime": "2023-05-09T23:11:48Z",
        "versionNumber": 12311049
      },
      "id": "57357b82-79f8-4a58-bbdb-b54a43b7379b",
      "displayName": "GPT-Flow",
      "description": "Call this flow from Power Virtual Agents.",
      "createdTime": "2023-05-10T00:50:57.842Z",
      "updatedTime": "2023-05-10T00:50:57.842Z"
    }
  ],
  "contextVariables": [
    {
      "customTypeId": "eeeb98b6-0e08-4cfa-98ce-79e20ac2596d",
      "initializerType": "Action",
      "scope": "Dialog",
      "greedySlotFillingEnabled": false,
      "isInput": false,
      "externalInitializationAllowed": false,
      "actionId": "57357b82-79f8-4a58-bbdb-b54a43b7379b",
      "isGlobal": false,
      "id": "b0f92b19-4436-426e-875e-44069c554a73",
      "displayName": "",
      "createdTime": "2023-05-10T00:50:57.85Z",
      "updatedTime": "2023-06-02T19:16:08.7359256Z",
      "createdUserId": "user-0",
      "updatedUserId": "d32400a3-d2c0-4fe3-9e45-1a1a7ea5c957"
    }
  ],
  "jsonTypes": [
    {
      "customTypeSchema": "Json",
      "id": "eeeb98b6-0e08-4cfa-98ce-79e20ac2596d",
      "displayName": "Response Json Type for Flow - Chat Completion with ChatGPT",
      "createdTime": "2023-05-10T00:50:57.85Z",
      "updatedTime": "2023-05-10T00:50:57.85Z"
    }
  ]
}