<botcomponent_botcomponentset>
  <botcomponent_botcomponent botcomponentidone.schemaname="new_topic_ae2efd0f48884cb783c49c0ad8b6c296_7620a288bb3e455984cace1ade5e259c_fallback" botcomponentidtwo.schemaname="new_bot_ae2efd0f48884cb783c49c0ad8b6c296.InitializeFullDialog.dialog">
    <iscustomizable>1</iscustomizable>
  </botcomponent_botcomponent>
  <botcomponent_botcomponent botcomponentidone.schemaname="new_topic_ae2efd0f48884cb783c49c0ad8b6c296_7620a288bb3e455984cace1ade5e259c_fallback" botcomponentidtwo.schemaname="new_bot_ae2efd0f48884cb783c49c0ad8b6c296.UpdateFullDialog.dialog">
    <iscustomizable>1</iscustomizable>
  </botcomponent_botcomponent>
  <botcomponent_botcomponent botcomponentidone.schemaname="new_topic_ae2efd0f48884cb783c49c0ad8b6c296_7620a288bb3e455984cace1ade5e259c_fallback" botcomponentidtwo.schemaname="new_variable_ae2efd0f48884cb783c49c0ad8b6c296_09da1f5bb9d244f3bccdcdf51dfc841b">
    <iscustomizable>1</iscustomizable>
  </botcomponent_botcomponent>
  <botcomponent_botcomponent botcomponentidone.schemaname="new_topic_ae2efd0f48884cb783c49c0ad8b6c296_7620a288bb3e455984cace1ade5e259c_fallback" botcomponentidtwo.schemaname="new_variable_ae2efd0f48884cb783c49c0ad8b6c296_4651dd7d011d4fb0bd8288b62927e538">
    <iscustomizable>1</iscustomizable>
  </botcomponent_botcomponent>
  <botcomponent_botcomponent botcomponentidone.schemaname="new_topic_ae2efd0f48884cb783c49c0ad8b6c296_7620a288bb3e455984cace1ade5e259c_fallback" botcomponentidtwo.schemaname="new_variable_ae2efd0f48884cb783c49c0ad8b6c296_96651ceefdcb4d76a9ffbcd4226d9f4e">
    <iscustomizable>1</iscustomizable>
  </botcomponent_botcomponent>
  <botcomponent_botcomponent botcomponentidone.schemaname="new_topic_ae2efd0f48884cb783c49c0ad8b6c296_8a4964498f83424bb3a86295bf7d0952_startover" botcomponentidtwo.schemaname="new_topic_ae2efd0f48884cb783c49c0ad8b6c296_ba7b967c97ba4c39bca58a8bb6a72d59_conversationstart">
    <iscustomizable>1</iscustomizable>
  </botcomponent_botcomponent>
  <botcomponent_botcomponent botcomponentidone.schemaname="new_topic_ae2efd0f48884cb783c49c0ad8b6c296_d2198a5ee41a48a5bf70ab8970145a9f_confirmedfailure" botcomponentidtwo.schemaname="new_topic_ae2efd0f48884cb783c49c0ad8b6c296_954135cafcd647eaae5999ad91fc08cf_talktoagent">
    <iscustomizable>1</iscustomizable>
  </botcomponent_botcomponent>
  <botcomponent_botcomponent botcomponentidone.schemaname="new_topic_ae2efd0f48884cb783c49c0ad8b6c296_db1f76b081dc43389df9dd2df7518737_confirmedsuccess" botcomponentidtwo.schemaname="new_customtype_ae2efd0f48884cb783c49c0ad8b6c296_92610204747047ac8f788f7eecd91118">
    <iscustomizable>1</iscustomizable>
  </botcomponent_botcomponent>
  <botcomponent_botcomponent botcomponentidone.schemaname="new_topic_ae2efd0f48884cb783c49c0ad8b6c296_db1f76b081dc43389df9dd2df7518737_confirmedsuccess" botcomponentidtwo.schemaname="new_topic_ae2efd0f48884cb783c49c0ad8b6c296_f56d1a3e522740c78f9fac0939332dbd_goodbye">
    <iscustomizable>1</iscustomizable>
  </botcomponent_botcomponent>
</botcomponent_botcomponentset>