<bot_botcomponentset>
  <bot_botcomponent botcomponentid.schemaname="new_bot_ae2efd0f48884cb783c49c0ad8b6c296.InitializeFullDialog.dialog.en_US.lg" botid.schemaname="new_bot_ae2efd0f48884cb783c49c0ad8b6c296">
    <iscustomizable>1</iscustomizable>
  </bot_botcomponent>
  <bot_botcomponent botcomponentid.schemaname="new_bot_ae2efd0f48884cb783c49c0ad8b6c296.InitializeFullDialog.dialog.en_US.lu" botid.schemaname="new_bot_ae2efd0f48884cb783c49c0ad8b6c296">
    <iscustomizable>1</iscustomizable>
  </bot_botcomponent>
  <bot_botcomponent botcomponentid.schemaname="new_bot_ae2efd0f48884cb783c49c0ad8b6c296.InitializeFullDialog.dialog.ja_JP.lg" botid.schemaname="new_bot_ae2efd0f48884cb783c49c0ad8b6c296">
    <iscustomizable>1</iscustomizable>
  </bot_botcomponent>
  <bot_botcomponent botcomponentid.schemaname="new_bot_ae2efd0f48884cb783c49c0ad8b6c296.InitializeFullDialog.dialog.ja_JP.lu" botid.schemaname="new_bot_ae2efd0f48884cb783c49c0ad8b6c296">
    <iscustomizable>1</iscustomizable>
  </bot_botcomponent>
  <bot_botcomponent botcomponentid.schemaname="new_bot_ae2efd0f48884cb783c49c0ad8b6c296.InitializeFullDialog.dialog" botid.schemaname="new_bot_ae2efd0f48884cb783c49c0ad8b6c296">
    <iscustomizable>1</iscustomizable>
  </bot_botcomponent>
  <bot_botcomponent botcomponentid.schemaname="new_bot_ae2efd0f48884cb783c49c0ad8b6c296.InitializeFullDialog.dialog.schema" botid.schemaname="new_bot_ae2efd0f48884cb783c49c0ad8b6c296">
    <iscustomizable>1</iscustomizable>
  </bot_botcomponent>
  <bot_botcomponent botcomponentid.schemaname="new_bot_ae2efd0f48884cb783c49c0ad8b6c296.UpdateFullDialog.dialog.en_US.lg" botid.schemaname="new_bot_ae2efd0f48884cb783c49c0ad8b6c296">
    <iscustomizable>1</iscustomizable>
  </bot_botcomponent>
  <bot_botcomponent botcomponentid.schemaname="new_bot_ae2efd0f48884cb783c49c0ad8b6c296.UpdateFullDialog.dialog.en_US.lu" botid.schemaname="new_bot_ae2efd0f48884cb783c49c0ad8b6c296">
    <iscustomizable>1</iscustomizable>
  </bot_botcomponent>
  <bot_botcomponent botcomponentid.schemaname="new_bot_ae2efd0f48884cb783c49c0ad8b6c296.UpdateFullDialog.dialog.ja_JP.lg" botid.schemaname="new_bot_ae2efd0f48884cb783c49c0ad8b6c296">
    <iscustomizable>1</iscustomizable>
  </bot_botcomponent>
  <bot_botcomponent botcomponentid.schemaname="new_bot_ae2efd0f48884cb783c49c0ad8b6c296.UpdateFullDialog.dialog.ja_JP.lu" botid.schemaname="new_bot_ae2efd0f48884cb783c49c0ad8b6c296">
    <iscustomizable>1</iscustomizable>
  </bot_botcomponent>
  <bot_botcomponent botcomponentid.schemaname="new_bot_ae2efd0f48884cb783c49c0ad8b6c296.UpdateFullDialog.dialog" botid.schemaname="new_bot_ae2efd0f48884cb783c49c0ad8b6c296">
    <iscustomizable>1</iscustomizable>
  </bot_botcomponent>
  <bot_botcomponent botcomponentid.schemaname="new_customtype_ae2efd0f48884cb783c49c0ad8b6c296_92610204747047ac8f788f7eecd91118" botid.schemaname="new_bot_ae2efd0f48884cb783c49c0ad8b6c296">
    <iscustomizable>1</iscustomizable>
  </bot_botcomponent>
  <bot_botcomponent botcomponentid.schemaname="new_customtype_ae2efd0f48884cb783c49c0ad8b6c296_f86fcadfd497444e91ed11c12b059d10" botid.schemaname="new_bot_ae2efd0f48884cb783c49c0ad8b6c296">
    <iscustomizable>1</iscustomizable>
  </bot_botcomponent>
  <bot_botcomponent botcomponentid.schemaname="new_topic_ae2efd0f48884cb783c49c0ad8b6c296_3d2584ec30914684839527e05e7be172_thankyou" botid.schemaname="new_bot_ae2efd0f48884cb783c49c0ad8b6c296">
    <iscustomizable>1</iscustomizable>
  </bot_botcomponent>
  <bot_botcomponent botcomponentid.schemaname="new_topic_ae2efd0f48884cb783c49c0ad8b6c296_7620a288bb3e455984cace1ade5e259c_fallback" botid.schemaname="new_bot_ae2efd0f48884cb783c49c0ad8b6c296">
    <iscustomizable>1</iscustomizable>
  </bot_botcomponent>
  <bot_botcomponent botcomponentid.schemaname="new_topic_ae2efd0f48884cb783c49c0ad8b6c296_8a4964498f83424bb3a86295bf7d0952_startover" botid.schemaname="new_bot_ae2efd0f48884cb783c49c0ad8b6c296">
    <iscustomizable>1</iscustomizable>
  </bot_botcomponent>
  <bot_botcomponent botcomponentid.schemaname="new_topic_ae2efd0f48884cb783c49c0ad8b6c296_954135cafcd647eaae5999ad91fc08cf_talktoagent" botid.schemaname="new_bot_ae2efd0f48884cb783c49c0ad8b6c296">
    <iscustomizable>1</iscustomizable>
  </bot_botcomponent>
  <bot_botcomponent botcomponentid.schemaname="new_topic_ae2efd0f48884cb783c49c0ad8b6c296_aeabea4d071f415c8c107e1cb7af5424_assumedsuccess" botid.schemaname="new_bot_ae2efd0f48884cb783c49c0ad8b6c296">
    <iscustomizable>1</iscustomizable>
  </bot_botcomponent>
  <bot_botcomponent botcomponentid.schemaname="new_topic_ae2efd0f48884cb783c49c0ad8b6c296_ba7b967c97ba4c39bca58a8bb6a72d59_conversationstart" botid.schemaname="new_bot_ae2efd0f48884cb783c49c0ad8b6c296">
    <iscustomizable>1</iscustomizable>
  </bot_botcomponent>
  <bot_botcomponent botcomponentid.schemaname="new_topic_ae2efd0f48884cb783c49c0ad8b6c296_d2198a5ee41a48a5bf70ab8970145a9f_confirmedfailure" botid.schemaname="new_bot_ae2efd0f48884cb783c49c0ad8b6c296">
    <iscustomizable>1</iscustomizable>
  </bot_botcomponent>
  <bot_botcomponent botcomponentid.schemaname="new_topic_ae2efd0f48884cb783c49c0ad8b6c296_db1f76b081dc43389df9dd2df7518737_confirmedsuccess" botid.schemaname="new_bot_ae2efd0f48884cb783c49c0ad8b6c296">
    <iscustomizable>1</iscustomizable>
  </bot_botcomponent>
  <bot_botcomponent botcomponentid.schemaname="new_topic_ae2efd0f48884cb783c49c0ad8b6c296_f56d1a3e522740c78f9fac0939332dbd_goodbye" botid.schemaname="new_bot_ae2efd0f48884cb783c49c0ad8b6c296">
    <iscustomizable>1</iscustomizable>
  </bot_botcomponent>
  <bot_botcomponent botcomponentid.schemaname="new_variable_ae2efd0f48884cb783c49c0ad8b6c296_09da1f5bb9d244f3bccdcdf51dfc841b" botid.schemaname="new_bot_ae2efd0f48884cb783c49c0ad8b6c296">
    <iscustomizable>1</iscustomizable>
  </bot_botcomponent>
  <bot_botcomponent botcomponentid.schemaname="new_variable_ae2efd0f48884cb783c49c0ad8b6c296_340aefff448e492eac88d718fbdf56ac" botid.schemaname="new_bot_ae2efd0f48884cb783c49c0ad8b6c296">
    <iscustomizable>1</iscustomizable>
  </bot_botcomponent>
  <bot_botcomponent botcomponentid.schemaname="new_variable_ae2efd0f48884cb783c49c0ad8b6c296_4651dd7d011d4fb0bd8288b62927e538" botid.schemaname="new_bot_ae2efd0f48884cb783c49c0ad8b6c296">
    <iscustomizable>1</iscustomizable>
  </bot_botcomponent>
  <bot_botcomponent botcomponentid.schemaname="new_variable_ae2efd0f48884cb783c49c0ad8b6c296_96651ceefdcb4d76a9ffbcd4226d9f4e" botid.schemaname="new_bot_ae2efd0f48884cb783c49c0ad8b6c296">
    <iscustomizable>1</iscustomizable>
  </bot_botcomponent>
</bot_botcomponentset>