<bot schemaname="new_bot_ae2efd0f48884cb783c49c0ad8b6c296">
  <authenticationconfiguration>{}</authenticationconfiguration>
  <authenticationmode>2</authenticationmode>
  <authenticationtrigger>1</authenticationtrigger>
  <iscustomizable>1</iscustomizable>
  <language>1033</language>
  <name>GPT-Bot</name>
  <runtimeprovider>0</runtimeprovider>
  <synchronizationstatus>{
  "contentVersion": 1,
  "currentSynchronizationState": {
    "botRegistration": {
      "applicationId": "9c72d544-0d86-48db-af93-537a633f675b",
      "isAppAvailableInTenant": true
    },
    "provisioningStatus": "Provisioned",
    "state": "Synchronized"
  },
  "lastSynchronizedOnUtc": "2023-06-21T12:37:32.4590786Z"
}</synchronizationstatus>
  <template>default-1.0.0</template>
  <timezoneruleversionnumber>4</timezoneruleversionnumber>
</bot>